8897914	Banca Popolare di Lajatico, Via della Stazione Vecchia, Pontedera, PI, TOS, 56025, Italia	43.6624358	10.6391484	0.001
8884416	Banco Desio, Via della Misericordia, Pontedera, PI, TOS, 56025, Italia	43.6624532	10.6357084	0.001
8884349	Cassa di Risparmio di Pisa, Piazza Curtatone, Pontedera, PI, TOS, 56025, Italia	43.6640274	10.6370494	0.001
25404885	Poste Italiane, Via della Giovent�, Stibbio, San Miniato, PI, TOS, 56028, Italia	43.6846782	10.7974295	0.001
18097453	Via Francesca, Santa Maria a Monte, PI, TOS, 56025, Italia	43.684752	10.6680008	0.001
