16821246	8, Via Europa, Reggello, FI, TOS, 50064, Italia	43.7022263	11.4631686	0.001
18610433	Via Giuseppe Garibaldi, L'Antica, Rignano sull'Arno, FI, TOS, 50067, Italia	43.7224167	11.4520569	0.001
18857566	Strada Provinciale Sette Ponti, Castelfranco Piandisc�, AR, TOS, Italia	43.6435696	11.5490415	0.001
18683461	Piazza XXV Aprile, L'Antica, Rignano sull'Arno, FI, TOS, 50067, Italia	43.722626	11.4534973	0.001
18824475	Via dell'Unit� Italiana, L'Antica, Rignano sull'Arno, FI, TOS, 50064, Italia	43.7220793	11.4535851	0.001
