16428867	Banca Montepaschi, Via Lippo Memmi, Ravacciano, Siena, SI, TOS, 53100, Italia	43.3258309	11.3344048	0.001
10678073	ChiantiBanca, Piazza Postierla, Poggio al Cardinale, Siena, SI, TOS, 53100, Italia	43.316299	11.32997	0.001
808175	Piazza Tolomei, Ravacciano, Siena, SI, TOS, 53100, Italia	43.320136	11.3311235	0.001
10685085	Banca del Chianti Fiorentino e Monteriggioni, Via Chiantigiana, Uncinello, Siena, SI, TOS, 53011, Italia	43.343473	11.3057844	0.001
51007769	Largo di Fontebranda, Campassini, Monteriggioni, SI, TOS, 53035, Italia	43.3901995	11.2223885	0.001
44830336	Subborgo Giuseppe Garibaldi, San Biagio Chiusella, Rapolano Terme, SI, TOS, Italia	43.286699	11.6042475	0.001
45147863	Via Pietro Nenni, San Biagio Chiusella, Rapolano Terme, SI, TOS, Italia	43.2867654	11.605484	0.001
