14830887	Via Adelina Zini, Massa, MS, TOS, 54100, Italia	44.0083981	10.1019598	0.001
7275397	UniCreditBanca, Via Adelina Zini, Massa, MS, TOS, 54100, Italia	44.0089615	10.1008131	0.001
15551658	Piazza Francesco Betti, Massa, MS, TOS, 54100, Italia	44.0094737	10.1007344	0.001
44034165	Postamat, Via Giosu� Carducci, Massa, MS, TOS, 54100, Italia	44.0273361	10.1326639	0.001
39000930	Via Risorgimento, Rigali, Barga, LU, TOS, 55052, Italia	44.0494188	10.4703864	0.001
20380430	SP20, Gallicano, LU, TOS, 55027, Italia	44.055316	10.4498027	0.001
