25500654	Strada Statale 73 Senese Aretina, Arezzo, AR, TOS, 52041, Italia	43.4105324	11.799953	0.001
14701471	Via Roma, Pancone, Bucine, AR, TOS, 52020, Italia	43.4791524	11.6166866	0.001
38492113	Via Nazionale, Querciolaia, Pergine Valdarno, AR, TOS, Italia	43.4802329	11.7104468	0.001
7393296	Via delle Mura, San Martino, Castellina in Chianti, SI, TOS, Italia	43.4698706	11.2871255	0.001
24333217	Viale Dante Alighieri, Civitella in Val di Chiana, AR, TOS, 52041, Italia	43.4084677	11.7985288	0.001
