18908083	Cassa di Risparmio di Pistoia e della Lucchesia, 4, Piazza San Michele, San Concordio, Lucca, LU, TOS, 55100, Italia	43.842917	10.5021476	0.001
40111124	Via San Paolino, San Concordio, Lucca, LU, TOS, 55100, Italia	43.8428104	10.5021032	0.001
18492020	BCC - Banca di Pescia, Piazza Santa Maria, San Concordio, Lucca, LU, TOS, 55100, Italia	43.8472922	10.5077542	0.001
680242	Via Alberto Antonini, Viareggio, LU, TOS, 55049, Italia	43.8536552	10.2630357	0.001
14017975	Pista Ciclabile Fausto Coppi, Viareggio, LU, TOS, 55049, Italia	43.865864	10.244215	0.001
45926231	Postamat, Via Giosu� Carducci, Pratavecchie, Vecchiano, PI, TOS, 56019, Italia	43.7650339	10.3431213	0.001
26647245	Poste Italiane, 1, Via Verri, Cafaggio, San Giuliano Terme, PI, TOS, 56010, Italia	43.7622002	10.4385769	0.001
