48788365	Bancomat, Strada Provinciale 40 della Trappola, Grosseto, GR, TOS, 58046, Italia	42.7129381	11.0073913	0.001
16798048	Via delle Meduse, Grosseto, GR, TOS, 58046, Italia	42.697287	11.0018231	0.001
18715872	Via del Bersagliere, Podere Le Tofane, Grosseto, GR, TOS, Italia	42.6692002	11.1037871	0.001
25043472	Monte dei Paschi di Siena, Via Cristoforo Colombo, Castiglione della Pescaia, GR, TOS, 58043, Italia	42.7623529	10.8809626	0.001
23983839	Cassa di risparmi di Firenze, Piazza Orsino Orsini, Castiglione della Pescaia, GR, TOS, 58043, Italia	42.7617378	10.8787233	0.001
