19067294	Via Orione, San Giusto, Prato, PO, TOS, 59100, Italia	43.8753394	11.0659432	0.001
23056437	Via Bologna, San Martino, Prato, PO, TOS, 59100, Italia	43.8969239	11.101263	0.001
28579579	Via di Vergaio, Vergaio, Prato, PO, TOS, 59100, Italia	43.8781554	11.0549517	0.001
18943110	Monte dei Paschi di Siena, Via Orione, San Giusto, Prato, PO, TOS, 59100, Italia	43.8735182	11.0650362	0.001
16827945	Monte di Paschi di Siena, 94B, 95, 96, Piazza Mercatale, il Cantiere, Prato, PO, TOS, 59100, Italia	43.8808585	11.1020564	0.001
26756269	Via delle Pleiadi, Vergaio, Prato, PO, TOS, 59100, Italia	43.8740824	11.062789	0.001
