4319806	Banca Etruria, Via Antonio Gramsci, Le Cetine, Volterra, PI, TOS, 56048, Italia	43.4019615	10.8615426	0.001
4332980	Cassa di Risparmio di Pisa, Via Guarnacci, Le Cetine, Volterra, PI, TOS, 56048, Italia	43.4031723	10.861368	0.001
139702741	Cassa di Risparmio di Volterra, 16, Piazza del Priori, Le Cetine, Volterra, PI, TOS, 56048, Italia	43.40241215	10.8591807253128	0.001
10714332	ChiantiBanca, Via Achille Grandi, Casanovina, Monteriggioni, SI, TOS, Italia	43.4052526	11.2108009	0.001
10609174	ChiantiBanca, Via Fratelli Bandiera, Gracciano d'Elsa, Le Nove, Colle di Val d'Elsa, SI, TOS, 53034, Italia	43.4027637	11.134322	0.001
