4332980	Cassa di Risparmio di Pisa, Via Guarnacci, Le Cetine, Volterra, PI, TOS, 56048, Italia	43.4031723	10.861368	0.001
139702741	Cassa di Risparmio di Volterra, 16, Piazza del Priori, Le Cetine, Volterra, PI, TOS, 56048, Italia	43.40241215	10.8591807253128	0.001
6025514	Banca Credito Cooperativo di Cambiano, Piazza della Repubblica, Narciana, Montaione, FI, TOS, 50050, Italia	43.5529526	10.9125943	0.001
5778721	Banca CRF di Montaione, Piazza Cavour, Narciana, Montaione, FI, TOS, 50050, Italia	43.5531431	10.914281	0.001
6106963	Banca di credito cooperativo di Cambiano, Via Giuseppe Garibaldi, Gambassi Terme, Magliano, Gambassi Terme, FI, TOS, Italia	43.5386726	10.9530943	0.001
5719635	Monte dei Paschi di Siena, Via Giacomo Matteotti, Gambassi Terme, Magliano, Gambassi Terme, FI, TOS, Italia	43.5367391	10.9516297	0.001
6040699	Cassa Di Risparmio Di San Miniato, Via Vittorio Veneto, Gambassi Terme, Magliano, Gambassi Terme, FI, TOS, Italia	43.5393236	10.9535019	0.001
