19182735	Via Dovizi, Bibbiena, Case Fraternit�, Bibbiena, AR, TOS, Italia	43.6942979	11.8174398	0.001
17321332	Banca CR Firenze, 8, Strada Provinciale Valdarno Casentinese, Castagnoli, Talla, AR, TOS, Italia	43.601172	11.7875814	0.001
15176423	CRF- Banca Intesa, Via Roma, Rassina, Castel Focognano, AR, TOS, Italia	43.6518162	11.8361534	0.001
14268613	Banca Etruria, Via Roma, Rassina, Castel Focognano, AR, TOS, Italia	43.6516293	11.8361339	0.001
48556235	59 MTB5, Serra di Sotto, Chiusi della Verna, AR, TOS, Italia	43.7696356	11.9346233	0.001
50769974	Strada Provinciale 62 Alto Corsalone, Molino della Ripa, Chiusi della Verna, AR, TOS, Italia	43.7500219	11.9343344	0.001
