7706473	Banca Monte dei Paschi di Siena, 32, Via Roma, Collepiana, Montieri, GR, TOS, 58026, Italia	43.1319657	11.0162226	0.001
13780324	Strada Provinciale 5 Galleraie, La Valle, Montieri, GR, TOS, 58026, Italia	43.1310979	11.016706	0.001
6222222	Banca Toscana, Piazza Garibaldi, Citt� Vecchia, Giarlinga, Massa Marittima, GR, TOS, 58024, Italia	43.0501101	10.8882608	0.001
14194776	Monte dei Paschi, Via Licurgo Bardelloni, Podere Poggio Berto, Monterotondo Marittimo, GR, TOS, 58025, Italia	43.1454471	10.8559221	0.001
6206495	Cassa dei Risparmi di Livorno, Via Borgo di Mezzo, Sassetta, LI, TOS, 57027, Italia	43.1289094	10.6441399	0.001
15235745	Strada Provinciale 329 Passo di Bocca di Valle, Case Poggio al Cerro, Monteverdi Marittimo, PI, TOS, Italia	43.176846	10.7153212	0.001
20699538	Sentiero per la Croce, San Vincenzo, LI, TOS, 57027, Italia	43.0942827	10.624477	0.001
21907702	Strada Provinciale dei quattro comuni, Pod. Bastianaccio, Sassetta, LI, TOS, 57027, Italia	43.1230222	10.6472623	0.001
