25734962	Bar Cellini, Corso Italia, Orbetello Scalo, Orbetello, GR, TOS, 58015, Italia	42.4377094	11.2102943	0.101
42570211	Arsura Bar, Via Aurelia Vecchia, Podere Fertilia, Orbetello, GR, TOS, Italia	42.5665187	11.1698107	0.101
43038730	Barrcollo, Lungomare Andrea Doria, Monte Argentario, GR, TOS, Italia	42.393698	11.2047836	0.101
2596883672	Plaza Caf�, Piazza Odoardo Borrani, Orbetello Scalo, Orbetello, GR, TOS, 58015, Italia	42.4480881	11.2466801	0.001
6409623	Beverello, Piazza della Provvidenza, Podere Grottaccia, Capalbio, GR, TOS, Italia	42.4537021	11.4224921	0.001
42882951	Caf� Piazzetta, Via delle Fonti, Monte Argentario, GR, TOS, Italia	42.3947015	11.2049347	0.001
14432333	gelateria, Lungomare dei Navigatori, Monte Argentario, GR, TOS, 58019, Italia	42.4356813	11.1206857	0.001
15039846	Strada vicinale della Rocca, Monte Argentario, GR, TOS, Italia	42.3860177	11.2083883	0.001
