13202401	Bar Alimentari, Via Sughera, Sughera, I Rogli, Montaione, FI, TOS, Italia	43.5700719	10.8562668	0.101
42391604	BarUffa Caff�, Via Galileo Galilei, Gambassi Terme, Luiano di Sopra, Gambassi Terme, FI, TOS, Italia	43.5318206	10.9503314	0.101
139704428	Viale Gabriele D'Annunzio, Le Cetine, Volterra, PI, TOS, 56048, Italia	43.40406095	10.8627243628509	0.001
15373861	Pub Lo Strettoio, Viale Chiarenti, Narciana, Montaione, FI, TOS, 50050, Italia	43.5531857	10.9135406	0.001
24085720	Via Giuseppe Garibaldi, Gambassi Terme, Magliano, Gambassi Terme, FI, TOS, Italia	43.538759	10.9532569	0.001
