44907841	Bar La Gattona, Via Corriano, Peccioli, PI, TOS, 56037, Italia	43.5493409	10.7208768	0.101
48728990	Bar Il Glicine, Piazza 25 luglio, Terricciola, PI, TOS, 56030, Italia	43.5247294	10.6772231	0.101
47700109	Via Carraia, Peccioli, PI, TOS, 56037, Italia	43.5475372	10.7210327	0.001
46586074	La terrazza, Via Corriano, Peccioli, PI, TOS, 56037, Italia	43.5487229	10.7211002	0.001
44631170	Piazza del Popolo, Peccioli, PI, TOS, 56037, Italia	43.5481826	10.720859	0.001
25065925	Pasquino, SR439, Lajatico, PI, TOS, Italia	43.4987368	10.7219025	0.001
49676197	Circolo ARCI, Via Andrea Vacc�, Palaia, PI, TOS, 56036, Italia	43.5777163	10.7559344	0.001
46629189	Strada Provinciale 41 di Peccioli, Terricciola, PI, TOS, Italia	43.5418428	10.7029341	0.001
46089300	Circolo ACLI Terricciola, Via Roma, Terricciola, PI, TOS, 56030, Italia	43.5246497	10.6767243	0.001
