135999643	Zanzibar, Via delle Moje Vecchie, Saline di Volterra, PI, TOS, Italia	43.36024475	10.8127944496921	0.101
142557818	Viale Wunsiedel, Le Cetine, Volterra, PI, TOS, 56048, Italia	43.4000112	10.86184755	0.001
139704428	Viale Gabriele D'Annunzio, Le Cetine, Volterra, PI, TOS, 56048, Italia	43.40406095	10.8627243628509	0.001
29629823	Strada Provinciale 27 di Montecastelli, L'Apparita, Pomarance, PI, TOS, Italia	43.262397	10.9279766	0.001
8593447	Via Maggio, La Casa, Castelnuovo di Val di Cecina, PI, TOS, Italia	43.2653602	10.9578811	0.001
