19008545	Piazza della Repubblica, Orbetello Scalo, Orbetello, GR, TOS, 58015, Italia	42.4387809	11.2096376	0.001
19099579	Via XXIV Maggio, Muratella, Capalbio, GR, TOS, Italia	42.4543962	11.4191913	0.001
19506366	Via Vittorio Emanuele II, Muratella, Capalbio, GR, TOS, Italia	42.4544041	11.4199557	0.001
43784539	Piazza Roma, Monte Argentario, GR, TOS, 58019, Italia	42.3942777	11.2039515	0.001
41086849	Via della Marina, Monte Argentario, GR, TOS, Italia	42.394013	11.2040228	0.001
42793815	Viale Caravaggio, Monte Argentario, GR, TOS, Italia	42.3941824	11.2039267	0.001
47278531	ciclabile e pedonale, Monte Argentario, GR, TOS, 58019, Italia	42.4073872	11.2005914	0.001
41596503	Via Italia, Monte Argentario, GR, TOS, 58019, Italia	42.394625	11.2042094	0.001
