39928151	Viale Niccol� Machiavelli, Centro storico, Firenze, FI, TOS, 50125, Italia	43.758171	11.248269	0.001
17521636	Piazza Guglielmo Oberdan, Careggi, Firenze, FI, TOS, 50121, Italia	43.7727541	11.2751231	0.001
46609622	Viale del Poggio Imperiale, Centro storico, Firenze, FI, TOS, 50125, Italia	43.7599517	11.2419043	0.001
47064496	Viale del Poggio Imperiale, Centro storico, Firenze, FI, TOS, 50124, Italia	43.759851	11.2419766	0.001
39584092	Piazza Torquato Tasso, Centro storico, Firenze, FI, TOS, 50125, Italia	43.767554	11.240595	0.001
23391819	Via dell'Agnolo, Centro storico, Firenze, FI, TOS, 50121, Italia	43.7703935	11.2643687	0.001
29576101	Piazza della Santissima Annunziata, Centro storico, Firenze, FI, TOS, 50121, Italia	43.7762835	11.2602019	0.001
40683652	Piazza Gaetano Salvemini, Centro storico, Firenze, FI, TOS, 50121, Italia	43.771544	11.262092	0.001
13237343	Piazza della Repubblica, Centro storico, Firenze, FI, TOS, 50122, Italia	43.7714091	11.253642	0.001
