47424290	Via della Mura Urbane, San Concordio, Lucca, LU, TOS, 55100, Italia	43.8469215	10.503367	0.001
51114613	Via Francesco Carrara, San Concordio, Lucca, LU, TOS, 55060, Italia	43.839306	10.5022101	0.001
14140176	Via di San Filippo, San Concordio, Lucca, LU, TOS, 55060, Italia	43.83848	10.5258723	0.001
51759406	Piazza San Francesco, San Concordio, Lucca, LU, TOS, 55060, Italia	43.8452334	10.5101121	0.001
4826265	Via del Palazzetto, Massarosa, LU, TOS, 55054, Italia	43.890536	10.3467875	0.001
15923930	Via Carlo Pellegrini, Massarosa, LU, TOS, 55054, Italia	43.8668363	10.3407555	0.001
49392857	Largo Collodi, Cafaggio, San Giuliano Terme, PI, TOS, 56010, Italia	43.759813	10.4372428	0.001
28900079	Piazza Italia, Cafaggio, San Giuliano Terme, PI, TOS, 56010, Italia	43.7627863	10.4408794	0.001
21826516	Itinerario ciclopedonale �Puccini�, San Giuliano Terme, PI, TOS, 56017, Italia	43.7828261	10.402961	0.001
