5672343	Strada Provinciale di Chianciano, Monastero di Sant'Anna in Camprena, Pienza, SI, TOS, 53026, Italia	43.0817734	11.6678103	0.001
5663925	Via degli Ulivi, Pienza, SI, TOS, 53026, Italia	43.0809931	11.6695609	0.001
53919926	Strada Provinciale Traversa Amiata Chianciano, Chianciano Terme, SI, TOS, 53042, Italia	43.0458157	11.8159394	0.001
46304897	Via Trasimeno, Chianciano Terme, SI, TOS, 53042, Italia	43.0584094	11.8284143	0.001
47417088	Via Solferino, Chianciano Terme, SI, TOS, 53042, Italia	43.0591063	11.8319867	0.001
14208427	Strada Provinciale 14 Traversa dei Monti, Colombaio, San Giovanni d'Asso, SI, TOS, Italia	43.148478	11.581089	0.001
