47679353	Via San Martino, Signano, San Gimignano, SI, TOS, 53037, Italia	43.4705541	11.043058	0.001
46770564	Via della Rocca, Signano, San Gimignano, SI, TOS, 53037, Italia	43.4680943	11.0418475	0.001
47592402	Via del Prunello, Signano, San Gimignano, SI, TOS, 53037, Italia	43.4677358	11.0414812	0.001
15044156	Strada delle Lellere, Il Poggino, Colle di Val d'Elsa, SI, TOS, 53034, Italia	43.4156278	11.1300827	0.001
15879334	Via V. Spada, Localit� Le Mosse, Faule, Colle di Val d'Elsa, SI, TOS, 53034, Italia	43.4200387	11.1012436	0.001
