38678068	Dal Bobo, Strada Statale 63 del Valico del Cerreto, Fivizzano, MS, TOS, 54013, Italia	44.2071999	10.0827695	0.001
41179277	Prosperi, Strada Regionale 445 della Garfagnana, Minucciano, LU, TOS, 54014, Italia	44.200515	10.2282909	0.001
40233044	Cecchi, Strada Regionale 445 della Garfagnana, Minucciano, LU, TOS, 54014, Italia	44.2069098	10.1986543	0.001
38823398	Falco, Strada Regionale 445 della Garfagnana, Sillano Giuncugnano, LU, TOS, Italia	44.2058748	10.2507204	0.001
8475728	Strada Provinciale Massese, Licciana Nardi, MS, TOS, 54011, Italia	44.2506894	10.0159828	0.001
40112452	Strada Regionale 445 della Garfagnana, Casola in Lunigiana, MS, TOS, 54014, Italia	44.2179366	10.1951339	0.001
38613476	La Pineta, Strada Regionale 445 della Garfagnana, Casola in Lunigiana, MS, TOS, 54014, Italia	44.2108823	10.1843636	0.001
