45021652	Eisdiele, Via Fulvio Testi, COSTA DEL BIANCHI, Castelnuovo di Garfagnana, LU, TOS, 55032, Italia	44.1096986	10.4122654	0.001
38843546	Strada Provinciale di San Romano in Garfagnana, Casino, San Romano in Garfagnana, LU, TOS, 55031, Italia	44.1697122	10.3456031	0.001
39658078	Bar collo ma non mollo, Strada Regionale 445 della Garfagnana, Albareto, Piazza al Serchio, LU, TOS, 55035, Italia	44.1945454	10.2734092	0.001
125194513	Da Beppe, Strada Provinciale del Passo delle Radici, LOCALITA' CARBONILE, Castelnuovo di Garfagnana, LU, TOS, 55032, Italia	44.12441965	10.4096882445945	0.001
44026198	L'ALIBAR, Pieve Fosciana, LU, TOS, Italia	44.1284754	10.4117822	0.001
40049695	Bar Paola, Strada Provinciale del Passo delle Radici, Castiglione di Garfagnana, LU, TOS, 55033, Italia	44.1482659	10.410075	0.001
39157436	Scacco Matto, Strada Regionale 445 della Garfagnana, Albareto, Piazza al Serchio, LU, TOS, 55035, Italia	44.1912477	10.2820607	0.001
37799604	Eisdiele, Via Olinto Dini, COSTA DEL BIANCHI, Castelnuovo di Garfagnana, LU, TOS, 55032, Italia	44.1102175	10.4125062	0.001
