50773864	Bar  Il Capricorno  di Gambicorti Fabio, SR439, Ponsacco, PI, TOS, Italia	43.5963249	10.6657855	0.001
41851186	Viale Antonio Gramsci, Peccioli, PI, TOS, Italia	43.5518817	10.7113937	0.001
141976220	Via di Mezzo, Peccioli, PI, TOS, 56037, Italia	43.53969535	10.7931574694891	0.001
42233413	Via di Legoli, Peccioli, PI, TOS, 56037, Italia	43.5718563	10.7952318	0.001
40711793	Bar La Rosa, SR439, Terricciola, PI, TOS, Italia	43.5400662	10.700074	0.001
41755578	Bar Nuovo Palazzo, SR439, Terricciola, PI, TOS, Italia	43.5431315	10.6994712	0.001
6789296	Gelateria, Piazza Garibaldi, Podere la Chiusa, Casciana Terme Lari, PI, TOS, 56035, Italia	43.5277823	10.6175584	0.001
50065809	Gelateria Il Cigno, Largo Mazzini, Podere la Chiusa, Casciana Terme Lari, PI, TOS, 56035, Italia	43.5269794	10.6202403	0.001
