43446599	Nice, Via di Pantaneto, Ravacciano, Siena, SI, TOS, 53100, Italia	43.3171103	11.3368739	0.001
4215868	Pian dei Mantellini, Poggio al Cardinale, Siena, SI, TOS, 53100, Italia	43.3144102	11.3274919	0.001
27258680	Bar Per�, 9, Viale Vittorio Emanuele II, San Prospero, Siena, SI, TOS, 53100, Italia	43.327802	11.3247966	0.001
6348293	Bar Ciompi, Via Mentana, Marciano, Siena, SI, TOS, 53011, Italia	43.3309169	11.3142655	0.001
4285416	Strada comunale di Santa Colomba, Altichiari, Monteriggioni, SI, TOS, 53018, Italia	43.3259303	11.2271101	0.001
50622916	Piazza Roma, Campassini, Monteriggioni, SI, TOS, 53035, Italia	43.389935	11.2232227	0.001
83140368	Il Ceppo, Strada Provinciale Di Montemaggio, Fornacelle, Monteriggioni, SI, TOS, 53035, Italia	43.35260815	11.265035622648	0.001
14491514	Piazza Garibaldi, Castellare, Asciano, SI, TOS, 53041, Italia	43.2350748	11.5596572	0.001
