14687200	Polisportiva S.O.R.M.S., Via della Chiesa, Signa, FI, TOS, 50013, Italia	43.7946235	11.1292495	0.001
73653584	Circolo ARCI I'Poggio, Via Ortimino, Montespertoli, FI, TOS, 59015, Italia	43.6322774	11.0197363	0.001
46863657	Circolo Arci San Quirico in Collina, Via Romita, Montespertoli, FI, TOS, Italia	43.6497499	11.1271991	0.001
19246992	Via Pistoiese, Campi Bisenzio, FI, TOS, 50013, Italia	43.7969802	11.1478808	0.001
7852697	Via Napoli, Cerbaia in Val di Pesa, San Casciano in Val di Pesa, FI, TOS, 50020, Italia	43.6868033	11.129447	0.001
16762868	Caff� Letterario, Via Dante Alighieri, Lastra a Signa, FI, TOS, 50058, Italia	43.7709642	11.1067868	0.001
16322547	Circolo le Cascine, Via del Prato, Lastra a Signa, FI, TOS, 50058, Italia	43.771218	11.1056123	0.001
49275675	Bar Pasticceria Artigianale Humy, Via Dante Alighieri, Capraia e Limite, FI, TOS, 50053, Italia	43.7423231	10.9765814	0.001
48734371	Circolo Arci, Via Dante Alighieri, Capraia e Limite, FI, TOS, 50053, Italia	43.7414163	10.9747168	0.001
