26926345	Via Aurelia, Porta a Mare, Pisa, PI, TOS, 56122, Italia	43.7161911	10.3830305	0.001
24782002	Via Martin Luther King, Don Bosco, Pisa, PI, TOS, 56127, Italia	43.7252732	10.4101593	0.001
101781367	Autolavaggio, Via di Cisanello, Le Torri, Cisanello, Pisa, PI, TOS, 56124, Italia	43.70721125	10.4332852969426	0.001
46383472	Via Ferruccio Giovannini, San Giuliano Terme, PI, TOS, 56124, Italia	43.7162285	10.4319491	0.001
20961849	Via Mahatma Gandhi, San Giuliano Terme, PI, TOS, 56124, Italia	43.7283228	10.4197731	0.001
