25792510	Via della Base Geodetica, Piombino, LI, TOS, Italia	42.9677451	10.5512051	0.001
19327945	Via dei Cavalleggeri, Localit� Falcone, Piombino, LI, TOS, Italia	42.9364541	10.5022087	0.001
23553859	Via Eugenio Curiel, Campi Alti, Podere Valle Onesta, Follonica, GR, TOS, 58022, Italia	42.9274534	10.7527174	0.001
26668688	Total, Via Litoranea, Zona Nuova, Podere Valle Onesta, Follonica, GR, TOS, 58022, Italia	42.9263583	10.7519614	0.001
22036322	Localit� Timonaia, Case Cardella, Marciana Marina, LI, TOS, 57033, Italia	42.7954272	10.1895789	0.001
