143554569	Via Martin Luther King, Pontedera, PI, TOS, 56025, Italia	43.6655887	10.65126	0.001
22070176	Via Provinciale Vicarese, Calcinaia, PI, TOS, 56025, Italia	43.6862214	10.6067335	0.001
50829550	Via dei Pianeracci, Ponsacco, PI, TOS, 56025, Italia	43.6293925	10.6035509	0.001
17888103	Strada Statale Tosco-Romagnola, Stibbio, San Miniato, PI, TOS, 56028, Italia	43.6879589	10.805203	0.001
17426375	Via Francesca, Santa Maria a Monte, PI, TOS, 56025, Italia	43.6843622	10.6603113	0.001
18113586	Zucchelli & Fabbri, Via Provinciale Francesca Sud, Castelfranco di Sotto, PI, TOS, 56020, Italia	43.6990258	10.7396851	0.001
