17449333	Viale XI Agosto, Firenze, FI, TOS, 5017, Italia	43.8049362	11.2160613	0.001
20754128	Via Sestese, Firenze, FI, TOS, 50141, Italia	43.8170099	11.2238242	0.001
26119959	Via Gaetano Bresci, il Cantiere, Prato, PO, TOS, 59100, Italia	43.8889529	11.1001336	0.001
11189193	Niagara, Viale Borgo Valsugana, I lecci, Prato, PO, TOS, 59100, Italia	43.8743595	11.1158894	0.001
135683087	Viale Montegrappa, Mezzana, Prato, PO, TOS, 59100, Italia	43.8668862	11.1141528	0.001
16684832	Viottolo del Porcile, Mezzana, Prato, PO, TOS, 59100, Italia	43.8582002	11.110195	0.001
135591879	176, Viale Borgo Valsugana, I lecci, Prato, PO, TOS, 59100, Italia	43.87476725	11.1154716849255	0.001
137244912	Niagara, Viale Borgo Valsugana, I lecci, Prato, PO, TOS, 59100, Italia	43.8743587	11.1159059349488	0.001
16084930	Via Ferruccio Parri, Padule, Sesto Fiorentino, FI, TOS, 50019, Italia	43.8409344	11.1760535	0.001
