18326728	Via Aretina, Podere Pratignone, Pontassieve, FI, TOS, 50065, Italia	43.7845487	11.4015154	0.001
18326740	Via Gioacchino Rossini, R�mole, Pontassieve, FI, TOS, Italia	43.7846998	11.3992918	0.001
16373234	Via Di Mearino, Alberi, Reggello, FI, TOS, 50066, Italia	43.6727462	11.5262842	0.001
2599667948	Via Francesco Petrarca, Figline e Incisa Valdarno, FI, TOS, Italia	43.6119665	11.4825146	0.001
26213640	Polini, SS69, Poggio Pratelli, Figline e Incisa Valdarno, FI, TOS, 50064, Italia	43.6348172	11.4557979	0.001
