40383560	Caravan Waste Disposal, Via del Mare, Bibbona, LI, TOS, 57020, Italia	43.2489778	10.5282053	0.001
143764255	Wash & Dry, Via Guido Rossa, Zona industriale Le Morelline, Rosignano Marittimo, LI, TOS, 57016, Italia	43.3858321	10.4621311279424	0.001
137447524	Via Giovanni Boccaccio, Rosignano Solvay, Rosignano Marittimo, LI, TOS, 57016, Italia	43.397724	10.4300687397055	0.001
6608056	Via della Cava, Rosignano Solvay, Rosignano Marittimo, LI, TOS, 57016, Italia	43.3962991	10.4315325	0.001
25593114	Via Enos Cerrini, Campiglia Marittima, LI, TOS, 57029, Italia	43.0174532	10.5956708	0.001
109463605	Via Aurelia Sud, San Vincenzo, LI, TOS, Italia	43.0907868	10.5448095573102	0.001
