136197927	Teatro Politeama, Piazza Enrico Pea, Viareggio, LU, TOS, 55049, Italia	43.86502795	10.2433242513912	0.10803387666472
18343349	Cinema Centrale, 36, Via di Poggio, San Concordio, Lucca, LU, TOS, 55100, Italia	43.8432203	10.5012049	0.101
132600089	Cinema Centrale, 67, Via Cesare Battisti, Viareggio, LU, TOS, 55049, Italia	43.8676647	10.2485760323231	0.101
45890315	Astra, Piazza del Giglio, San Concordio, Lucca, LU, TOS, 55060, Italia	43.8408177	10.5034578	0.001
6011863	Odeon, Viale Regina Margherita, Viareggio, LU, TOS, 55049, Italia	43.8661316	10.2436564	0.001
17245157	Multisala Goldoni, 124, Via San Francesco, Viareggio, LU, TOS, 55049, Italia	43.8675318	10.2522734	0.001
5998208	Eolo, Viale Regina Margherita, Viareggio, LU, TOS, 55049, Italia	43.8679367	10.2425403	0.001
6014424	Eden, Via Leopoldo Fregoli, Viareggio, LU, TOS, 55049, Italia	43.8667899	10.2431843	0.001
