133869466	Cinema Excelsior, Viale Alessandro Manzoni, Montecatini-Terme, PT, TOS, 51016, Italia	43.8844578	10.7735573896058	0.101
96161995	Cinema Adriano, Via San Martino, Montecatini-Terme, PT, TOS, 51016, Italia	43.88307925	10.7726966211963	0.101
133449290	Cinema estivo all'aperto, Via di Maratona, Montecatini-Terme, PT, TOS, 51010, Italia	43.88463115	10.7618296289142	0.101
96408171	Cinema Teatro Imperiale, Via Magenta, Montecatini-Terme, PT, TOS, 51016, Italia	43.8835989	10.772772854878	0.101
137308467	Cinema Olimpia, Via Primo Maggio, Massa e Cozzile, PT, TOS, 51010, Italia	43.885971	10.7571418660634	0.101
44035965	Roma, Via Laudesi, Case Bergamo, Pistoia, PT, TOS, 2, Italia	43.9313129	10.9214337	0.001
21023753	Lux, Corso Antonio Gramsci, Case Bergamo, Pistoia, PT, TOS, 2, Italia	43.9308197	10.9148162	0.001
24607214	Globo, Via dei Buti, Case Bergamo, Pistoia, PT, TOS, 51100, Italia	43.9321217	10.9147383	0.001
100068206	Splendor, Via Sismondi, Cafaggio, Pescia, PT, TOS, 51017, Italia	43.90069125	10.687451891952	0.001
