40317418	Cinema Astra, 34/A, Via della Pace, Charleroi, Podere Valle Onesta, Follonica, GR, TOS, 58022, Italia	42.922248	10.7725481	0.101
84453585	Cinema Celeste, Loclit� Vigne Vecchie, Vigne Vecchie, Capoliveri, LI, TOS, 57031, Italia	42.7479535	10.3831474382926	0.101
144897707	Cinema all'aperto Ex-Ilva, Via Emilio Bicocchi, Follonica, GR, TOS, 58022, Italia	42.9213306	10.7611032989892	0.101
3949314	Cinemare, Via G. Dussol, Casa Tonda, Marciana Marina, LI, TOS, 57033, Italia	42.8050657	10.2004244	0.101
18482204	Odeon, Via Lombroso, Localit� Falcone, Piombino, LI, TOS, Italia	42.9253282	10.5272072	0.001
14764973	Metropolis, Via del Toro, Casa Tonda, Marciana Marina, LI, TOS, 57033, Italia	42.8048066	10.1965134	0.001
