98672874	UCI Cinemas, 9, Via Fratelli Cervi, Campi Bisenzio, FI, TOS, 50013, Italia	43.84381315	11.1373097843609	0.101
5982216	Multiplex Omnia Center, Via delle Pleiadi, Vergaio, Prato, PO, TOS, 59100, Italia	43.8740377	11.0630448	0.001
5666602	Terminale, Via Carbonaia, Soccorso, Prato, PO, TOS, 59100, Italia	43.8771907	11.0966942	0.001
5961248	Excelsior, Via Giuseppe Garibaldi, il Cantiere, Prato, PO, TOS, 59100, Italia	43.880721	11.0994994	0.001
5887466	Eden, Via Benedetto Cairoli, il Cantiere, Prato, PO, TOS, 59100, Italia	43.880088	11.0978766	0.001
4655270	Multisala Grotta, 387, Via Antonio Gramsci, Zambra, Sesto Fiorentino, FI, TOS, 50019, Italia	43.8337699	11.2009782	0.001
