15859466	Cinema Eden, Piazza Giovanni Magherini Graziani, Riosecco, Citt� di Castello, PG, UMB, 06012, Italia	43.4593688	12.2386246	0.101
52186722	Nuovo Cinema Castello, Piazza Gioberti, Riosecco, Citt� di Castello, PG, UMB, 06012, Italia	43.4580816	12.2414675	0.101
6376241	UCI Arezzo, Viale Filippo Turati, Arezzo, AR, TOS, 52100, Italia	43.4791735	11.8688662	0.001
19614677	Politeama, Via Lorentino D'Arezzo, Arezzo, La Torre, Arezzo, AR, TOS, 52100, Italia	43.4620548	11.8773874	0.001
17015544	Dante, Via 20 Settembre, Sansepolcro, AR, TOS, 52037, Italia	43.5699198	12.1432556	0.001
16398219	Nuova Aurora, Via Piero della Francesca, Sansepolcro, AR, TOS, 52037, Italia	43.5705998	12.1425516	0.001
