19366085	Centro Fisioterapico, 45, Via delle Pleiadi, Vergaio, Prato, PO, TOS, 59100, Italia	43.873666	11.0661264	0.001
19960769	89/G, Via Cavour, Soccorso, Prato, PO, TOS, 59100, Italia	43.8784843	11.0901997	0.001
19372620	Ambulatori della Misericordia di Firenze e Prato, 47, Via delle Pleiadi, Vergaio, Prato, PO, TOS, 59100, Italia	43.8736457	11.0662325	0.001
19998244	Viale Montegrappa, La piet�, Prato, PO, TOS, 59100, Italia	43.8768248	11.1045491	0.001
24256209	Dipartimento della Prevenzione Giorgio Vestri, 3, Via Lavarone, Soccorso, Prato, PO, TOS, 59100, Italia	43.8751267	11.0875308	0.001
