133493326	La Vasca, Piazza Fratelli Rosselli, Grosseto, GR, TOS, 58100, Italia	42.7636413	11.1122910697643	0.001
14314675	Giardinetti, Viale Leonardo Ximenes, Grosseto, GR, TOS, 58100, Italia	42.7586029	11.1135023	0.001
44226553	Piazza San Michele, Grosseto, GR, TOS, 58100, Italia	42.7604615	11.1125534	0.001
16124784	Fontana d'acqua non potabile, Via Mazzini, Grosseto, GR, TOS, 58100, Italia	42.7588386	11.1130209	0.001
16900777	Viale Leonardo Ximenes, Grosseto, GR, TOS, 58100, Italia	42.7585957	11.1133204	0.001
6998826	Piazza Giuseppe Garibaldi, Castiglione della Pescaia, GR, TOS, 58043, Italia	42.7634008	10.8820334	0.001
