79379143	Via San Carlo, Porta a Mare, Venezia Nuova, Livorno, LI, TOS, 57126, Italia	43.54473345	10.3112460622892	0.001
89799710	Piazza Dante, Borgo di Magrignano, Stazione, Livorno, LI, TOS, 57121, Italia	43.5541813	10.335304225	0.001
39112824	Viale Vittorio Alfieri, Stazione, Livorno, LI, TOS, 57124, Italia	43.5501116	10.3265495	0.001
16805084	Fontane del Tacca, Piazza della Colonnella, Porta a Mare, Venezia Nuova, Livorno, LI, TOS, 57123, Italia	43.5495602	10.3054455	0.001
113057984	Via San Martino, Nuovo Centro, Ardenza, Livorno, LI, TOS, 57128, Italia	43.51653925	10.3276560048047	0.001
16600895	Piazza Giuseppe Emiliano Modigliani, Porta a Mare, Fabbricotti, Livorno, LI, TOS, 57126, Italia	43.5323449	10.303106	0.001
22963306	Via San Jacopo in Acquaviva, Porta a Mare, Fabbricotti, Livorno, LI, TOS, 57126, Italia	43.5351814	10.3059813	0.001
50425231	Via del Sorbetto, Rosignano Marittimo, LI, TOS, 57010, Italia	43.4433779	10.4491427	0.001
87098118	Via della Pineta, Rosignano Solvay, Rosignano Marittimo, LI, TOS, 57012, Italia	43.4038907	10.4139747	0.001
