10858406	Via di Fibbiana, La Valle, Pistoia, PT, TOS, Italia	44.0024528	10.9087372	0.001
14940358	Cai 00, Valdiccioli, Borgo San Lorenzo, FI, TOS, Italia	44.0417166	11.4615191	0.001
5606250	Fonte, Anello di fondo, Paradiso, Cutigliano, PT, TOS, 51024, Italia	44.102638	10.7047208	0.001
7114621	Via della Repubblica, Erede, Barberino di Mugello, FI, TOS, 50031, Italia	44.0005235	11.2381725	0.001
40068178	Strada Provinciale Taviano Badi, Sambuca Pistoiese, PT, TOS, 51020, Italia	44.1053288	11.0009209	0.001
92840793	Via Cambiaticcio, Corricelli, Cantagallo, PO, TOS, 59025, Italia	43.99110465	11.1400023307792	0.001
16336275	Via della Vittoria, Casa di Filippo, San Marcello Pistoiese, PT, TOS, Italia	44.0516715	10.8498502	0.001
