3994154	Viale Primo Maggio, Monte Melio, Montepulciano, SI, TOS, 53045, Italia	43.0974987	11.7861128	0.001
21525694	Pozzo dei grifi e dei leoni, Piazza Grande, San Salvagio di Sopra, Montepulciano, SI, TOS, 53045, Italia	43.0929018	11.781021	0.001
6634474	Ponte, Via Dante Alighieri, Il Rigo, San Quirico d'Orcia, SI, TOS, 53027, Italia	43.0561049	11.6095279	0.001
49413122	Piazza Giacomo Matteotti, Chianciano Terme, SI, TOS, 53042, Italia	43.0585169	11.8311127	0.001
52002817	Piazza Italia, Chianciano Terme, SI, TOS, 53042, Italia	43.0449084	11.8140782	0.001
