14271228	Strada Comunale 10 di Torre Mozza, Piombino, LI, TOS, 58075, Italia	42.9466719	10.6944775	0.001
10517850	Le Fonti di Marina, Via Giuseppe Mazzini, Localit� Falcone, Piombino, LI, TOS, Italia	42.9223139	10.5244799	0.001
49228312	Piazza del Popolo, Riotorto, Piombino, LI, TOS, 58075, Italia	42.9799551	10.6866802	0.001
4482218	SP31, Case Salici, Capoliveri, LI, TOS, 57031, Italia	42.7468561	10.3782229	0.001
38836149	Piazza del Castagneto, Case Segnini, Marciana, LI, TOS, 57033, Italia	42.7869459	10.1836451	0.001
125729479	Via Giuseppe Garibaldi, Casa Tonda, Marciana Marina, LI, TOS, 57033, Italia	42.80566395	10.1996991952549	0.001
22392982	Viale della Repubblica, Case del Romito, Campo nell'Elba, LI, TOS, 57034, Italia	42.7518722	10.2107532	0.001
