35082660	Piazza Farinata degli Uberti, Empoli, FI, TOS, 50053, Italia	43.7195844	10.9458392	0.001
142053335	Piazza Donna Paola Piaggio, Pontedera, PI, TOS, 56025, Italia	43.6648574	10.6215151	0.001
8417506	Via Felice Lotti, Pontedera, PI, TOS, 56025, Italia	43.6626083	10.6363939	0.001
42320155	Piazza Vittorio Emanuele, Bientina, PI, TOS, 56025, Italia	43.7103828	10.6192274	0.001
1424705	Piazza Panattoni, Santa Croce sull'Arno, PI, TOS, Italia	43.7538067	10.7023434	0.001
15273087	Piazza Giuseppe Garibaldi, Santa Croce sull'Arno, PI, TOS, 56022, Italia	43.7098065	10.7811093	0.001
13686046	Fontana Castelfranco, SP6, Castelfranco di Sotto, PI, TOS, 56022, Italia	43.6949212	10.7485295	0.001
