2599759367	Ninfeo del Poggione, Via Torricella, Podere la Quercia, Fiesole, FI, TOS, Italia	43.8170138	11.3526480909638	0.001
2599759363	Fonte di Citerna (rudere), Via Torricella, Podere la Quercia, Fiesole, FI, TOS, Italia	43.8096734	11.35771325	0.001
21931384	Via Tornaquinci, Torre a Decima, Pontassieve, FI, TOS, Italia	43.8063051	11.3902606	0.001
18790636	Strada Statale 67 Toscoromagnola, Poggio a Vico, Rufina, FI, TOS, 50065, Italia	43.8266656	11.4900724	0.001
16658282	Piazza Umberto I, Fabbretole, Londa, FI, TOS, 50060, Italia	43.860247	11.566933	0.001
