109269155	Piazza Sant'Agostino, Podere Orbano, Monticiano, SI, TOS, Italia	43.13936515	11.1800437	0.001
25302922	Via di Belvedere, Casa Perrone, Suvereto, LI, TOS, 57028, Italia	43.0876833	10.6703769	0.001
36937237	Fonteverdi, Via Torquato Tasso, Colle Gontoli, Montieri, GR, TOS, Italia	43.0774324	11.0369481	0.001
20128327	Via Val di Cornia, Podere Grasceta, Monterotondo Marittimo, GR, TOS, Italia	43.1159438	10.7652856	0.001
21092498	Piazzale Belvedere, Poggio alle Querce di Sopra, Castagneto Carducci, LI, TOS, 57024, Italia	43.1606212	10.6070874	0.001
19328395	Via della Croce, Case Pian dei Sorbi, Monteverdi Marittimo, PI, TOS, Italia	43.1761944	10.711492	0.001
