50082708	Vicolo San Giuseppe, San Pietro In Palazzi, Podere Pescine, Cecina, LI, TOS, 57023, Italia	43.3112277	10.5169226	0.001
17861034	Via Galliano, Marina di Cecina, Cecina, LI, TOS, 57023, Italia	43.2994234	10.4936801	0.001
16558469	Piazza del Risorgimento, Rosignano Solvay, Rosignano Marittimo, LI, TOS, 57016, Italia	43.3952227	10.4375965	0.001
10823849	Piazza Giuseppe Garibaldi, Vada, Rosignano Marittimo, LI, TOS, 57018, Italia	43.3518048	10.4557968	0.001
2598824770	Viale Trieste, Rosignano Solvay, Rosignano Marittimo, LI, TOS, 57016, Italia	43.3901203	10.4299061	0.001
