16467503	Viale Antonio Gramsci, Piancastagnaio, SI, TOS, 53025, Italia	42.8492534	11.6915885	0.001
131313420	Piazza IV Novembre, Villa, Gavorrano, GR, TOS, 58023, Italia	42.9255591	10.9071085147436	0.001
47133088	Corso Toscana, Podere dei Nobili, Arcidosso, GR, TOS, 58032, Italia	42.872135	11.5375983	0.001
19356322	Via Val Di Piatta, Abbadia San Salvatore, SI, TOS, 53021, Italia	42.8816134	11.6775941	0.001
130850849	Via Cellini, Abbadia San Salvatore, SI, TOS, 53021, Italia	42.8823288	11.6755121945064	0.001
16006766	Strada Provinciale del Monte Amiata, Abbadia San Salvatore, SI, TOS, 53021, Italia	42.8517511	11.6875595	0.001
128955447	Strada Provinciale di Vivo d'Orcia, Podere San Giuseppe, Castiglione d'Orcia, SI, TOS, 53023, Italia	42.93317655	11.6401923724211	0.001
