77738132	Piazza Leonetto Amadei, Pietrasanta, LU, TOS, 55044, Italia	43.92667435	10.1989405219388	0.001
73182918	lavatoi, Via dei Lavatoi, Massarosa, LU, TOS, 55054, Italia	43.8991679	10.3175844044522	0.001
17253456	Via Roma, Forte dei Marmi, LU, TOS, 55042, Italia	43.9595261	10.1693362	0.001
24379684	La fontana, Strada Provinciale di Pescaglia, Pescaglia, LU, TOS, Italia	43.9719378	10.468285	0.001
45761736	Strada Comunale Cune Borgo, Catureglio, Borgo a Mozzano, LU, TOS, 55022, Italia	43.9808909	10.5251929	0.001
