116168083	Ospedale della Valdinievole, Vicolo Sant'Antonio, Cafaggio, Pescia, PT, TOS, 51017, Italia	43.9033299	10.6904394326163	0.046527658157285
91387246	Ospedale San Jacopo, Via Ciliegiole, Pistoia, PT, TOS, 2, Italia	43.91807905	10.9040926433586	0.001
98023001	Clinica Santa Rita, Via Paolo Savi, Montecatini-Terme, PT, TOS, 51016, Italia	43.88207815	10.7671614548075	0.001
95278303	Via Daniele Manin, Montecatini-Terme, PT, TOS, 51016, Italia	43.88215525	10.7686239605657	0.001
40759286	Casa della Salute, Via Pier Paolo Pasolini, Lamporecchio, PT, TOS, 51036, Italia	43.8151555	10.8948115	0.001
19024840	Misericordia di Montecarlo, Via della Verruca, Montecarlo, LU, TOS, 55011, Italia	43.8478754	10.6616526	0.001
