17340210	Villa Marina, Via Carlo Forlanini, Localit� Falcone, Piombino, LI, TOS, Italia	42.9397499	10.5108589	0.001
78149679	Ospedale Villamarina, Via Carlo Forlanini, Localit� Falcone, Piombino, LI, TOS, Italia	42.93992785	10.5107212471367	0.001
3736288	Via Giuseppe Mazzini, San Giovanni, Villa Damiani, Portoferraio, LI, TOS, 57037, Italia	42.8158783	10.319724	0.001
4034957	Guardia Medica - Medical Assistance, 40, Viale Margherita, Casa Tonda, Marciana Marina, LI, TOS, 57033, Italia	42.8065839	10.1965584	0.001
4287575	Guardia Medica - Medical Assistance, Via Neghelli, Casa Cariglio, Porto Azzurro, LI, TOS, 57036, Italia	42.766167	10.3925251	0.001
