125378205	Valdisieve Hospital, 122, Via Forlivese, Pelago, FI, TOS, 50060, Italia	43.7854549	11.4537690205373	0.101
18283895	Dentist, Piazza Aldo Moro, Podere Pratignone, Pontassieve, FI, TOS, Italia	43.7867814	11.3981224	0.001
18439230	Dentist, Via Aretina, R�mole, Pontassieve, FI, TOS, Italia	43.7909676	11.3923958	0.001
22121254	Via della Libert�, Matassino, Reggello, FI, TOS, Italia	43.628026	11.4856143	0.001
21702744	USL 20/b, Via di Gaville, Figline e Incisa Valdarno, FI, TOS, Italia	43.611727	11.4768708	0.001
22628155	Ospedale Serristori, Via Senice, Figline e Incisa Valdarno, FI, TOS, Italia	43.6128999	11.4763665	0.001
93792233	Serristori, Via Senice, Figline e Incisa Valdarno, FI, TOS, Italia	43.61296925	11.4762538137237	0.001
3397964	Via della Resistenza, Figline e Incisa Valdarno, FI, TOS, Italia	43.6143726	11.4772102	0.001
10879892	Frate Sole, Via San Romolo, Figline e Incisa Valdarno, FI, TOS, Italia	43.6124127	11.464495	0.001
