112954680	USL 5, Via Paolo Semeraro, Don Bosco, Pisa, PI, TOS, 56124, Italia	43.71692355	10.4188777794117	0.001
46539958	Pronto Soccorso, 2, Via Pietro Trivella, Le Torri, Cisanello, Pisa, PI, TOS, 56124, Italia	43.7041742	10.4420063	0.001
95121250	Misericordia di Pisa, Via Antonio Veneziano, CEP, Pisa, PI, TOS, 56122, Italia	43.70964165	10.3728851792699	0.001
144971523	Polo Ospedaliero  Santa Chiara, Via Savi, Santa Maria, Pisa, PI, TOS, 56126, Italia	43.7205464	10.3933714007666	0.001
18553651	Casa di Cura San Rossore, 152/f, Viale delle Cascine, Barbaricina, Pisa, PI, TOS, 56122, Italia	43.7243896	10.3751525	0.001
17176893	Centro Medico, 1, Via delle Bocchette, Le Torri, Putignano, Pisa, PI, TOS, 56120, Italia	43.6969536	10.4297048	0.001
87166068	Ospedale Cisanello, 2, Via Pietro Trivella, Le Torri, Cisanello, Pisa, PI, TOS, 56124, Italia	43.70637285	10.4428472030653	0.001
96657310	RSA Mimosa, Via Toniolo, San Giuliano Terme, PI, TOS, 56023, Italia	43.72103655	10.4688021389197	0.001
