119769704	Via Pietro Tacca, Carrara, MS, TOS, 54033, Italia	44.0792397	10.1021736990208	0.001
66510554	Ospedale di Carrara, Via Monterosso, Carrara, MS, TOS, 54033, Italia	44.0806185	10.1049164489545	0.001
122873858	Ospedale del Cuore, Strada Statale 1 Via Aurelia, Massa, MS, TOS, 54038, Italia	44.0195844	10.1532455131792	0.001
111128657	Ospedale delle Apuane, Via Bondano, Massa, MS, TOS, 54100, Italia	44.0192809	10.0992335913167	0.001
96993256	Ospedale Generale Provinciale SS Giacomo e Cristoforo, Via Carlo Forlanini, Massa, MS, TOS, 54100, Italia	44.02910875	10.1423043130368	0.001
2598039046	Ospedale San Francesco, Parcheggio Carlo Merlini, Case Bechelli, Barga, LU, TOS, 55051, Italia	44.0702829	10.4800998953316	0.001
