680640	Ospedale Versilia, Strada Statale Aurelia, Camaiore, LU, TOS, 55044, Italia	43.9143154	10.2239337	0.001
136106910	Casa della Salute del Comune di Capannori, Via del Parco, Palazzina, Capannori, LU, TOS, 55018, Italia	43.8958816	10.559945229749	0.001
18589524	Misericordia di Stiava, Via della Misericordia, Massarosa, LU, TOS, 55054, Italia	43.8982659	10.3181159	0.001
88214073	Via Don Vincenzo Lazzeri, Culicchiaia, Stazzema, LU, TOS, 55040, Italia	43.9956083	10.2920749025428	0.001
77946816	San Camillo, Via Assisi, Forte dei Marmi, LU, TOS, 55042, Italia	43.9719362	10.1596313855565	0.001
