62738018	Ospedale San Giuseppe, Viale Giovanni Boccaccio, Terrafino, Empoli, FI, TOS, 50053, Italia	43.7220549	10.9341133304439	0.001
63874598	Ecomedica, Via Pergolesi, Empoli, FI, TOS, 50053, Italia	43.71777855	10.9612826192405	0.001
62159014	Ospedale Felice Lotti, Via Roma, Pontedera, PI, TOS, 56025, Italia	43.6592582	10.6342425303384	0.001
123850449	Ospedale San Pietro Igneo, Via Castruccio, Fucecchio, FI, TOS, 50054, Italia	43.7308796	10.8076263743142	0.001
19088704	SR439, Capannori, LU, TOS, Italia	43.7749317	10.6005673	0.001
15591512	Piazza 20 Settembre, San Miniato, PI, TOS, 56028, Italia	43.6809555	10.8610905	0.001
23822260	Distretto socio-sanitario Galleno, Via Don Giuseppe Arzilli, Castelfranco di Sotto, PI, TOS, Italia	43.7734383	10.7179363	0.001
