5804285	Biblioteca Comunale, Via Alessandro Volta, Podere Chiocciola, Poggibonsi, SI, TOS, 53036, Italia	43.4733047	11.1463518	0.001
49113723	Via Folgore da San Gimignano, Signano, San Gimignano, SI, TOS, 53037, Italia	43.4701651	11.0431864	0.001
16128098	Biblioteca Comunale, Via di Spugna, Il Poggino, Colle di Val d'Elsa, SI, TOS, 53034, Italia	43.4229497	11.1281546	0.001
10938614	Libreria Tempolibri, Via Benedetto Naldini, Podere della Pieve, Tavarnelle Val di Pesa, FI, TOS, 50028, Italia	43.55976	11.171851	0.001
11306156	Casa della Cultura  Alda Merini, Via Semifonte, Podere Castellare, Barberino Val d'Elsa, FI, TOS, 50028, Italia	43.5416272	11.1703279	0.001
