15634067	Biblioteca comunale di San Miniato, Loggiati San Domenico, San Miniato, PI, TOS, 56028, Italia	43.6793571	10.8487416	0.13958297447186
16223676	Biblioteca Comunale R. Fucini, Via Camillo Cavour, Terrafino, Empoli, FI, TOS, 50053, Italia	43.7180628	10.9463308	0.001
50283571	Biblioteca comunale, Viale Rinaldo Piaggio, Pontedera, PI, TOS, 56025, Italia	43.6607767	10.6334405	0.001
16447631	Via G. Rossi, Pozzo, Vinci, FI, TOS, 50059, Italia	43.786516	10.9270108	0.001
16209915	Piazza Matteotti, Santa Croce sull'Arno, PI, TOS, 56022, Italia	43.7100236	10.7796717	0.001
