118966560	SMS Biblio, Via San Michele degli Scalzi, Le Torri, Porta a Piagge, Pisa, PI, TOS, 56124, Italia	43.7061899	10.418070747904	0.001
24798251	Biblioteca Comunale  Peppino Impastato, Via Comasco Comaschi, Cascina, PI, TOS, 56021, Italia	43.675825	10.5513166	0.001
29229844	Biblioteca dei ragazzi, Via della Libert�, Calcinaia, PI, TOS, 56012, Italia	43.6702025	10.5808432	0.001
39180672	Biblioteca Comunale, Via Lante, Vicopisano, San Iacopo, Vicopisano, PI, TOS, 56012, Italia	43.6988178	10.5854335	0.001
41980179	Biblioteca Comunale di Calci, Via Vincente della Chiostra, Calci, Montegrande, Calci, PI, TOS, 56011, Italia	43.7233743	10.5155445	0.001
39641676	Il Giardino degli Elefanti, Strada Provinciale 12 delle Colline per Livorno, Casciana Terme Lari, PI, TOS, 50635, Italia	43.6054724	10.5891823	0.001
