4550490	Biblioteca Ospedale San Donato, Via Giuseppe Laschi, Arezzo, La Torre, Arezzo, AR, TOS, 52100, Italia	43.4622998	11.866254	0.001
18214369	Biblioteca Citt� di Arezzo, Via de' Pileati, Arezzo, La Torre, Arezzo, AR, TOS, 52100, Italia	43.4657262	11.8837937	0.001
50365667	Libreria del Frattempo, Viale Armando Diaz, Sansepolcro, AR, TOS, 52037, Italia	43.5725488	12.137422	0.001
21311610	Biblioteca Comunale, Via 20 Settembre, Sansepolcro, AR, TOS, 52037, Italia	43.5699077	12.1430393	0.001
32205537	Flora Volpini, Corso Giuseppe Garibaldi, Paradiso, Citerna, PG, UMB, 06010, Italia	43.4981693	12.1162882	0.001
