126780276	Biblioteca Comunale Adolfo Betti, Via E. Whipple, Paretaio, Campiglia Alta, Bagni di Lucca, LU, TOS, 55022, Italia	44.00940545	10.5894191362405	0.10803387666472
120141294	Piazza D'Armi, Carrara, MS, TOS, 54033, Italia	44.07947285	10.1012984255137	0.001
15611025	Biblioteca Civica  Stefano Giampaoli, Piazza Mercurio, Massa, MS, TOS, 54100, Italia	44.0356329	10.1428151	0.001
15620230	Biblioteca Diocesana, Via dei Colli, Massa, MS, TOS, 54100, Italia	44.0386044	10.1441336	0.001
41509000	Piazzale Aldo Moro, Rigali, Barga, LU, TOS, 55052, Italia	44.0454056	10.4734028	0.001
