101529114	Chiesa di San Ponziano, Via Elisa, San Concordio, Lucca, LU, TOS, 55060, Italia	43.84317005	10.5129364179967	0.093055316314571
101234136	Biblioteca Statale, Via del Loreto, San Concordio, Lucca, LU, TOS, 55100, Italia	43.844779	10.5017603469959	0.001
99938754	Agor�, Via Vallisneri, San Concordio, Lucca, LU, TOS, 55060, Italia	43.84169245	10.5065767417622	0.001
48442289	Fondazione Ragghianti, Via San Micheletto, San Concordio, Lucca, LU, TOS, 55060, Italia	43.8424936	10.5107683	0.001
14926167	Libreria Fuori Porta, Via Dante Alighieri, San Concordio, Lucca, LU, TOS, 55060, Italia	43.8474313	10.5248583	0.001
640103	Biblioteca Comunale, Viale Ugo Foscolo, Viareggio, LU, TOS, 55049, Italia	43.8711253	10.2433887	0.001
17115732	Artemisia, Via del Casalino, Capannori, LU, TOS, 55012, Italia	43.8330787	10.5697939	0.001
103401724	Biblioteca Comunale, Via Conca Vecchia, Massarosa, LU, TOS, 5504, Italia	43.8965461	10.2958411880693	0.001
6396117	Biblioteca Comunale  Uliano Martini, Via Giovanni Battista Niccolini, Cafaggio, San Giuliano Terme, PI, TOS, 56010, Italia	43.7636575	10.4427866	0.001
