102138593	Bibliotheka Puplica, Via Vincenzo Bellini, Podere Pescine, Cecina, LI, TOS, 57023, Italia	43.3080571	10.5280309106483	0.001
17563993	Viale Trieste, Rosignano Solvay, Rosignano Marittimo, LI, TOS, 57016, Italia	43.3954155	10.4266191	0.001
19490563	Via Fratelli Cairoli, Rosignano Solvay, Rosignano Marittimo, LI, TOS, 57016, Italia	43.3981296	10.4436173	0.001
96802686	Centro culturale �Le Creste�, Via della Costituzione, Rosignano Solvay, Rosignano Marittimo, LI, TOS, 57016, Italia	43.3935861	10.4344263254998	0.001
42688223	Via della Repubblica, Podere Pianetti, Castagneto Carducci, LI, TOS, 57024, Italia	43.1683483	10.5668762	0.001
