18758461	al mattino, Via Giardino della Bizzarria, Careggi, Firenze, FI, TOS, 5017, Italia	43.7955876	11.2193038	0.001
137910659	Piazza dei Ciompi, Centro storico, Firenze, FI, TOS, 50121, Italia	43.77116975	11.2648279923744	0.001
63849077	Mercato di Sant'Ambrogio, Piazza Lorenzo Ghiberti, Centro storico, Firenze, FI, TOS, 50121, Italia	43.77048975	11.266779458475	0.001
77731625	Via Giardino della Bizzarria, Careggi, Firenze, FI, TOS, 5017, Italia	43.79558585	11.2193220461751	0.001
23422662	Mercato di piazza Ghiberti, Piazza Lorenzo Ghiberti, Centro storico, Firenze, FI, TOS, 50121, Italia	43.7704913	11.2668135	0.001
78399345	Viale Giovanni Lami, Careggi, Firenze, FI, TOS, 50134, Italia	43.7880079	11.2534594972389	0.001
79502690	Isolotto, Viale delle Magnolie, Isolotto Legnaia, Firenze, FI, TOS, 50143, Italia	43.77902365	11.2177379070283	0.001
15679406	Viale Giovanni Lami, Careggi, Firenze, FI, TOS, 50134, Italia	43.7880499	11.2534639	0.001
