16564353	Via Buontalenti, Porta a Mare, Pontino, Livorno, LI, TOS, 57123, Italia	43.5502042	10.3121402	0.001
16806553	Piazza Felice Cavallotti, Porta a Mare, Venezia Nuova, Livorno, LI, TOS, 57123, Italia	43.5503305	10.3108742	0.001
19840406	Piazza Barriera Garibaldi, Garibaldi, Livorno, LI, TOS, 57121, Italia	43.5592931	10.3250478	0.001
74621320	Mercato del pesce, Scali delle Ancore, Porta a Mare, Venezia Nuova, Livorno, LI, TOS, 57123, Italia	43.55247185	10.3046852	0.001
89033960	Nuovo Mercatino Americano, Via della Cinta Esterna, Porta a Mare, Venezia Nuova, Livorno, LI, TOS, 57123, Italia	43.5552423	10.3049260399355	0.001
91450579	Via Martin Lutero, Sorgenti, Livorno, LI, TOS, 57121, Italia	43.561032	10.3331151486933	0.001
