124078389	Mercato del Pesce, Piazza Filippo Lippi, il Cantiere, Prato, PO, TOS, 59100, Italia	43.8822719	11.0983948239074	0.001
6046413	Piazza Mercatale, il Cantiere, Prato, PO, TOS, 59100, Italia	43.8801988	11.1014253	0.001
145065814	Piazza del Mercato Nuovo, il Cantiere, Prato, PO, TOS, 59100, Italia	43.8880296	11.099139676752	0.001
20019558	Piazza Albert Einstein, Le Badie, Prato, PO, TOS, 59100, Italia	43.864427	11.0941526	0.001
64047880	Piazza del Pesce, il Cantiere, Prato, PO, TOS, 59100, Italia	43.88111575	11.0965772842026	0.001
73372927	Via Agostino Bruno, Galcetello e Villa Fiorita, Villa Fiorita, Prato, PO, TOS, 59100, Italia	43.90350575	11.0968421654849	0.001
74348794	Barberino Designer Outlet, Autostrada del Sole, Case Barni, Barberino di Mugello, FI, TOS, 50031, Italia	43.98486045	11.2147157393428	0.001
