40282647	Farmacia Dottor Tamburini, 331, Via Mammianese, Piteglio, PT, TOS, 51028, Italia	44.0081402	10.8036295	0.001
17375370	Strada Provinciale 1 di Montepiano, Castagnolo, Vernio, PO, TOS, Italia	44.0927535	11.1627568	0.001
4843633	Farmacia Mancini, Piazza Cavour, Badia, Barberino di Mugello, FI, TOS, 50031, Italia	43.9991845	11.239187	0.001
5041382	Farmacia Dreoni, Piazza Cavour, Badia, Barberino di Mugello, FI, TOS, 50031, Italia	43.9997779	11.2392046	0.001
15704134	Ambulatori Medici, Via Borgo Freddo, Casa di Filippo, San Marcello Pistoiese, PT, TOS, Italia	44.0529045	10.8483126	0.001
15541649	Farmacia di Maresca, Via Risorgimento, Casa di Filippo, San Marcello Pistoiese, PT, TOS, Italia	44.052643	10.8485574	0.001
