4836437	Farmacia Comunale, Via della Libert�, Poggio ai Grilli, Poggibonsi, SI, TOS, 53036, Italia	43.4677313	11.1521035	0.001
46248280	Via Roma, Certaldo, Quercitella, Certaldo, FI, TOS, Italia	43.5478714	11.0415025	0.001
15963048	Via S. Masson, Il Poggino, Colle di Val d'Elsa, SI, TOS, 53034, Italia	43.4247716	11.1257328	0.001
15205361	Farmacia Comunale1, Via D. Minzoni, Il Poggino, Colle di Val d'Elsa, SI, TOS, 53034, Italia	43.4199461	11.1273394	0.001
8121941	Casagli, Viale della Rimembranza, Localit� Le Mosse, Faule, Colle di Val d'Elsa, SI, TOS, 53034, Italia	43.4218434	11.11233	0.001
12481245	Pacini, Piazza A. di Cambio, Il Poggino, Colle di Val d'Elsa, SI, TOS, 53034, Italia	43.4228645	11.1262435	0.001
