6206198	Viale Giosu� Carducci, San Rocco, Suvereto, LI, TOS, 57028, Italia	43.0780029	10.6779163	0.001
7511922	Farmacia Dottor Cianchi, Via Verdi, Collepiana, Montieri, GR, TOS, 58026, Italia	43.1315185	11.0161963	0.001
18247658	Via Roma, Sassetta, LI, TOS, 57027, Italia	43.1282512	10.6440693	0.001
14989400	Via Antonio Gramsci, Podere Poggio Berto, Monterotondo Marittimo, GR, TOS, 58025, Italia	43.1474018	10.8560687	0.001
19894641	Via di Sassetta, Poggio alle Querce di Sopra, Castagneto Carducci, LI, TOS, 57027, Italia	43.1596005	10.6111077	0.001
