23294766	Via Fratelli Carli, Torre a Decima, Pontassieve, FI, TOS, Italia	43.8108113	11.3997359	0.001
18774920	Via Piave, Rufina, FI, TOS, 50065, Italia	43.8272345	11.4890585	0.001
23238239	Via Roma, il Molino, Vaglia, FI, TOS, 50030, Italia	43.8954074	11.3215648	0.001
4529413	Farmacia Roselli, Via I maggio, Topaia, Borgo San Lorenzo, FI, TOS, Italia	43.9535756	11.3898517	0.001
5739210	Farmacia Monti, Viale della Resistenza, Topaia, Borgo San Lorenzo, FI, TOS, Italia	43.957396	11.3817966	0.001
