2304786	Farmacia Venturi, Via Palestro, Belvedere, Castelfiorentino, FI, TOS, 50051, Italia	43.6042031	10.9701346	0.001
5778743	Farmacia Comunale n. 2, Piazza A. Grandi, Podere Cardeto, Castelfiorentino, FI, TOS, 50051, Italia	43.6011962	10.9670194	0.001
6091019	Via Roma, Signa, FI, TOS, 50058, Italia	43.781473	11.0978767	0.001
38763269	Farmacia Comunale San Donnino, 130/I, Via Pistoiese, Campi Bisenzio, FI, TOS, 50013, Italia	43.7956006	11.1490722	0.001
5567518	Farmacia Picca, Piazza del Monumento, Cerbaia in Val di Pesa, San Casciano in Val di Pesa, FI, TOS, 50020, Italia	43.6846972	11.1285989	0.001
26182712	Farmacia di Lastra a Signa, Via 24 Maggio, Lastra a Signa, FI, TOS, 50058, Italia	43.7699248	11.1061789	0.001
2602797059	Farmacia Stefanelli, Viale Centofiori, Montelupo Fiorentino, FI, TOS, 50056, Italia	43.7301723	11.0201454	0.001
