10358653	Strada Regionale Umbro Casentinese Romagnola, Arezzo, AR, TOS, Italia	43.3423031	11.9147643	0.001
11332622	Via XX Settembre, Terontola, Cortona, AR, TOS, 52044, Italia	43.2110113	12.0089764	0.001
668100	Farmacia Betti, Via Antonio Gramsci, Logo, Sinalunga, SI, TOS, 53048, Italia	43.2151755	11.7427609	0.001
667595	Via Umberto I, Logo, Sinalunga, SI, TOS, 53048, Italia	43.2117735	11.7360454	0.001
694039	Via di Giulio, Scannano, Rapolano Terme, SI, TOS, Italia	43.2601472	11.6215981	0.001
