6978342	Questura di Grosseto, Via Paolo Carnicelli, Grosseto, GR, TOS, 58100, Italia	42.7779185	11.1106012	0.001
93620258	Capitaneria di Porto, Lungomare Leopoldo II di Lorena, Grosseto, GR, TOS, 58046, Italia	42.71390555	10.9832644419148	0.001
7017312	Carabinieri, Via Ferrucci, Grosseto, GR, TOS, 58100, Italia	42.7570483	11.1108551	0.001
6969383	Capitaneria di Porto, Piazza Orsini, Castiglione della Pescaia, GR, TOS, 58043, Italia	42.7614661	10.8788723	0.001
6913930	Carabinieri, Corso della Libert�, Castiglione della Pescaia, GR, TOS, 58043, Italia	42.7623478	10.8803195	0.001
6582255	Guardia di Finanza, Banchina Porto Canale, Castiglione della Pescaia, GR, TOS, 58043, Italia	42.7616849	10.879274	0.001
