144349778	Questura, Via Bonifacio Lupi, Centro storico, Firenze, FI, TOS, 50121, Italia	43.7814296	11.2588938263024	0.2187004523946
13475528	Questura di Firenze, Via della Fortezza, Centro storico, Firenze, FI, TOS, 50100, Italia	43.7800766	11.250453	0.001
85946127	1� Reggimento Allievi Marescialli e Brigadieri, Via della Scala, Centro storico, Firenze, FI, TOS, 50123, Italia	43.774683	11.2477634366975	0.001
10445689	Carabinieri - Pitti, Piazza de' Pitti, Centro storico, Firenze, FI, TOS, 50125, Italia	43.7658758	11.2508495	0.001
144611726	Comando Provinciale dell'Arma dei Carabinieri, Borgo Ognissanti, Centro storico, Firenze, FI, TOS, 50123, Italia	43.7730221	11.2451878024691	0.001
5975282	Vigili urbani, Piazzale di Porta al Prato, Centro storico, Firenze, FI, TOS, 50100, Italia	43.7782247	11.2400232	0.001
6808516	Piazza Giorgio Vasari, Careggi, Firenze, FI, TOS, 50121, Italia	43.7821638	11.271542	0.001
11161399	Stazione dei Carabinieri, Borgo Ognissanti, Centro storico, Firenze, FI, TOS, 50123, Italia	43.7728516	11.245227	0.001
12270450	Carabinieri - Via de' Castellani 1, Via dei Castellani, Centro storico, Firenze, FI, TOS, 50122, Italia	43.7679341	11.2560772	0.001
