40233989	Comando Stazione Corpo Forestale dello Stato, 5, Strada Provinciale 22b San Lorenzo - Banditelle, Podere Vivalda, Suvereto, LI, TOS, 57028, Italia	43.0473232	10.7118379	0.001
13621082	Caserma dei Carabinieri di Montieri, Via Roma, Collepiana, Montieri, GR, TOS, 58026, Italia	43.1319064	11.0162608	0.001
20068563	Carabinieri, Strada Provinciale 329 Passo di Bocca di Valle, Case Poggio al Cerro, Monteverdi Marittimo, PI, TOS, Italia	43.1781066	10.7140935	0.001
46269076	4, Via Giuseppe Garibaldi, Poggio alle Querce di Sopra, Castagneto Carducci, LI, TOS, 57022, Italia	43.1619071	10.6111919	0.001
105625597	Carabinieri, Strada Provinciale dei Quattro Comuni, Pod. Bastianaccio, Sassetta, LI, TOS, 57027, Italia	43.13179475	10.6450022248068	0.001
