134316128	Via Luigi Galvani, Podere Chiocciola, Poggibonsi, SI, TOS, 53036, Italia	43.4744365	11.1435522491058	0.001
5071280	Polizia, Piazza Fratelli Rosselli, Podere Chiocciola, Poggibonsi, SI, TOS, 53036, Italia	43.4686984	11.1468774	0.001
5809349	Carabinieri, Via Luigi Galvani, Podere Chiocciola, Poggibonsi, SI, TOS, 53036, Italia	43.4744548	11.1435149	0.001
141527683	Via L. Franci, Il Poggino, Colle di Val d'Elsa, SI, TOS, 53034, Italia	43.42055705	11.1282986031834	0.001
15105193	Carabinieri, Piazza A. di Cambio, Il Poggino, Colle di Val d'Elsa, SI, TOS, 53034, Italia	43.4229458	11.1270924	0.001
15073032	Polizia Municipale Colle di Val d'Elsa, Via L. Franci, Il Poggino, Colle di Val d'Elsa, SI, TOS, 53034, Italia	43.4205	11.1283174	0.001
144350084	Polizia Municipale, 44/a, Via Martiri della Libert�, Il Poggino, Colle di Val d'Elsa, SI, TOS, 53034, Italia	43.4204956	11.1281290632696	0.001
14961828	Via Maremmana Vecchia, Il Poggino, Colle di Val d'Elsa, SI, TOS, 53034, Italia	43.4192298	11.1312133	0.001
