26427989	Vigili Urbani, Strada Statale di Chianciano, Fattoria Gelli, Montepulciano, SI, TOS, 53042, Italia	43.0584238	11.8250597	0.001
109215614	Guardia Di Finanza, Via portella della Ginestra, Fonte Piccione, Montepulciano, SI, TOS, 53045, Italia	43.0981853	11.7848049166223	0.001
99948755	Corpo Forestale dello Stato, Via Arturo e Alceo Baldi, Monte Melio, Montepulciano, SI, TOS, 53045, Italia	43.10258705	11.787664764545	0.001
103606643	Polizia Stradale, Via Giacomo Matteotti, Monte Melio, Montepulciano, SI, TOS, 53045, Italia	43.1004475	11.7870541074216	0.001
43018973	Carabinieri, Via Vittorio Veneto, Poderino, Buonconvento, SI, TOS, 53022, Italia	43.13549	11.4822776	0.001
