44843185	Polizia Stradale, Strada Provinciale di Pescaiola, Arezzo, AR, TOS, 52041, Italia	43.4379194	11.7765139	0.001
2598327963	Carabinieri, Via della Casaccia, La Bregna, Laterina, AR, TOS, Italia	43.4784314	11.7152458	0.001
687171	Carabinieri, Corso Italia, San Giovanni Valdarno, AR, TOS, 52027, Italia	43.5631212	11.5317421	0.001
668123	Polizia di Stato, Via Spartaco Lavagnini, San Giovanni Valdarno, AR, TOS, 52027, Italia	43.5593044	11.5350633	0.001
10460047	Polizia Municipale Greve in Chianti, Via Colognole, Casanuova, Greve in Chianti, FI, TOS, 50022, Italia	43.5895712	11.3134807	0.001
19129201	Carabinieri, Via Bruno Bonci, Vagliagli, Groppole, Castelnuovo Berardenga, SI, TOS, Italia	43.4212484	11.3459828	0.001
11228404	Carabinieri - Castellina in Chianti, Via 4 Novembre, Doccia, Castellina in Chianti, SI, TOS, Italia	43.4678249	11.28791	0.001
4181800	Via Piana, La Balza, Loro Ciuffenna, AR, TOS, 52028, Italia	43.5932435	11.6315305	0.001
10590101	Carabinieri, Viale 11 Febbraio, Lecci, Radda in Chianti, SI, TOS, 53017, Italia	43.4870459	11.3766323	0.001
