70462759	Piazza E. Berlinguer, Belvedere, Castelfiorentino, FI, TOS, 50051, Italia	43.6100977	10.9669239621673	0.001
2451722	Vigili Urbani Comunali, Via Giulio Masini, Belvedere, Castelfiorentino, FI, TOS, 50051, Italia	43.6098976	10.9668526	0.001
16826080	Polizia Municipale, Piazza del Comune, Lastra a Signa, FI, TOS, 50058, Italia	43.7703836	11.1055362	0.001
16488891	Stazione Carabinieri, Via Dante Alighieri, Lastra a Signa, FI, TOS, 50058, Italia	43.770155	11.1062202	0.001
49680294	Piazza VIII Marzo 1944, Capraia e Limite, FI, TOS, 50053, Italia	43.7426479	10.9759466	0.001
