10403944	Carabinieri, Strada Provinciale 161 Porto Santo Stefano, Orbetello Scalo, Orbetello, GR, TOS, 58015, Italia	42.4443742	11.2303224	0.001
25573601	Guardia di Finanza, Corso Italia, Orbetello Scalo, Orbetello, GR, TOS, 58015, Italia	42.4383925	11.2118574	0.001
700809	Via Aurelia, Orbetello Scalo, Orbetello, GR, TOS, 58015, Italia	42.4515357	11.2550355	0.001
18312562	Via Nuova, Muratella, Capalbio, GR, TOS, Italia	42.4547108	11.4204734	0.001
43040755	Guardia Costiera, Lungomare Marinai d'Italia, Monte Argentario, GR, TOS, Italia	42.3905587	11.2078273	0.001
41520428	Carabinieri, Via Italia, Monte Argentario, GR, TOS, 58019, Italia	42.3945547	11.2043251	0.001
42793799	Polizia Municipale, Piazza Roma, Monte Argentario, GR, TOS, Italia	42.3940417	11.2041266	0.001
