39043103	Polizia Provinciale, Via della Stazione, Lucca, LU, TOS, 55018, Italia	43.9082969	10.5340218	0.001
40998802	Polizia Municipale, Via San Gemignano, Lucca, LU, TOS, 55018, Italia	43.9106202	10.5295214	0.001
17981306	Carabinieri, Via Tre Luci, Pietrasanta, LU, TOS, 55045, Italia	43.9536165	10.2346161	0.001
19105485	Carabinieri, Via Ugo Foscolo, Pietrasanta, LU, TOS, 55044, Italia	43.9287485	10.1985887	0.001
75504806	Polizia Municipale Seravezza, Via I� Maggio, Seravezza, LU, TOS, 55042, Italia	43.9751583	10.200155216579	0.001
75326532	Commissariato di Polizia, Via San Camillo, Forte dei Marmi, LU, TOS, 54038, Italia	43.9724104	10.1586446821288	0.001
