4428418	Via delle Sperandie, Poggio al Cardinale, Siena, SI, TOS, 53100, Italia	43.3118301	11.3272997	0.001
5940757	Questura di Siena, Casato Di Sopra, Poggio al Cardinale, Siena, SI, TOS, 53100, Italia	43.3156783	11.3308323	0.001
66530613	Comando di Polizia Municipale, Via Tozzi, San Prospero, Siena, SI, TOS, 53100, Italia	43.3218376	11.327691135489	0.001
18729023	Carabinieri, Via Fiume, La Torre, Asciano, SI, TOS, 53041, Italia	43.2339664	11.5614269	0.001
69341871	Stazione Carabinieri, Via Giuseppe Garibaldi, Podere Bargia, Sovicille, SI, TOS, 53018, Italia	43.24605995	11.2232281855509	0.001
42541449	Carabinieri, Viale Giuseppe Mazzini, San Biagio Chiusella, Rapolano Terme, SI, TOS, Italia	43.287601	11.6037566	0.001
